NumSAAQ, MotDePasse, Nom, Prenom, Adresse, Telephone, Date, DateFin
222222222,pass2,Martin,Paul,456 Rue Sherbrooke Montreal QC H2H2H2,5142222222,2026-07-18, 
123456789,motdepasse,Dupont,Jean,123 Rue Principale Montreal QC H1H1H1,5141234567,2026-07-18, 
222222222,pass2,Martin,Paul,456 Rue Sherbrooke Montreal QC H2H2H2,5142222222,2026-07-18, 
123456789,motdepasse,Dupont,Jean,123 Rue Principale Montreal QC H1H1H1,5141234567,2026-07-18, 
222222222,pass2,Martin,Paul,456 Rue Sherbrooke Montreal QC H2H2H2,5142222222,2026-07-18, 
123456789,motdepasse,Dupont,Jean,123 Rue Principale Montreal QC H1H1H1,5141234567,2026-07-18, 
222222222,pass2,Martin,Paul,456 Rue Sherbrooke Montreal QC H2H2H2,5142222222,2026-07-18, 
123456789,motdepasse,Dupont,Jean,123 Rue Principale Montreal QC H1H1H1,5141234567,2026-07-18, 
222222222,pass2,Martin,Paul,456 Rue Sherbrooke Montreal QC H2H2H2,5142222222,2026-07-18, 
123456789,motdepasse,Dupont,Jean,123 Rue Principale Montreal QC H1H1H1,5141234567,2026-07-18, 
123456789,Meow,Grazzini,Alessandra,wiou,4385260699,2026-07-18, 
